{"cameraMode":{"drawMode":0,"name":"Shaded","section":"Shading Mode"},"sceneLighting":false,"audioPlay":false,"sceneViewState":{"showFog":true,"showMaterialUpdate":false,"showSkybox":true,"showFlares":true,"showImageEffects":true,"showParticleSystems":true},"in2DMode":false,"pivot":{"x":35.2839241027832,"y":12.127799034118653,"z":57.862762451171878},"rotation":{"x":0.3703201115131378,"y":0.45839256048202517,"z":-0.21822285652160645,"w":0.7778934240341187},"size":28.571834564208986,"orthographic":false}